input,output,timestamp
–ü–æ—Ä–∞–¥—å –Ω–æ—É—Ç–±—É–∫ –¥–æ 15000 –≥—Ä–Ω,"–û—Å—å –∫—ñ–ª—å–∫–∞ –≤–∞—Ä—ñ–∞–Ω—Ç—ñ–≤ —ñ –ø–æ—Ä–∞–¥ ‚Äî —Ç–µ, –Ω–∞ —â–æ –∑–≤–µ—Ä–Ω—É—Ç–∏ —É–≤–∞–≥—É, —ñ –∫–æ–Ω–∫—Ä–µ—Ç–Ω—ñ –º–æ–¥–µ–ª—ñ –¥–æ ~15‚ÄØ000 ‚Ç¥. –Ø–∫—â–æ —Å–∫–∞–∂–µ—à, –¥–ª—è —á–æ–≥–æ —Å–∞–º–µ –Ω–æ—É—Ç (–¥–ª—è –Ω–∞–≤—á–∞–Ω–Ω—è, —Ä–æ–±–æ—Ç–∏, —ñ–≥–æ—Ä, –º–æ–Ω—Ç–∞–∂—É –≤—ñ–¥–µ–æ —Ç–æ—â–æ), –º–æ–∂—É –ø—ñ–¥—ñ–±—Ä–∞—Ç–∏ –º–∞–∫—Å–∏–º–∞–ª—å–Ω–æ –ø—ñ–¥ —Ç–µ–±–µ.

‚úÖ –ù–∞ —â–æ –∑–≤–µ—Ä–Ω—É—Ç–∏ —É–≤–∞–≥—É

–ü—Ä–∏ –±—é–¥–∂–µ—Ç—ñ –¥–æ ~15‚ÄØ000 –≥—Ä–Ω –≤–∞–∂–ª–∏–≤–æ –±–∞–ª–∞–Ω—Å—É–≤–∞—Ç–∏ –º—ñ–∂ —Ü—ñ–Ω–æ—é —Ç–∞ –∫–æ—Ä–∏—Å–Ω–∏–º–∏ —Ö–∞—Ä–∞–∫—Ç–µ—Ä–∏—Å—Ç–∏–∫–∞–º–∏:

–ö–æ–º–ø–æ–Ω–µ–Ω—Ç	–©–æ –∫—Ä–∞—â–µ –≤–∑—è—Ç–∏ –º—ñ–Ω—ñ–º–∞–ª—å–Ω–æ / –±–∞–∂–∞–Ω–æ
–ü—Ä–æ—Ü–µ—Å–æ—Ä	2‚Äë4 —è–¥—Ä–∞, —Å—É—á–∞—Å–Ω–∏–π –µ–Ω–µ—Ä–≥–æ–µ—Ñ–µ–∫—Ç–∏–≤–Ω–∏–π (Intel N / Pentium / Athlon / Ryzen 3) ‚Äî –∑–∞–ª–µ–∂–Ω–æ –≤—ñ–¥ –∑–∞–≤–¥–∞–Ω—å.
–û–ø–µ—Ä–∞—Ç–∏–≤–Ω–∞ –ø–∞–º‚Äô—è—Ç—å (RAM)	–©–æ–Ω–∞–π–º–µ–Ω—à–µ 8 –ì–ë, —è–∫—â–æ –º–æ–∂–Ω–∞ ‚Äî –∑ –º–æ–∂–ª–∏–≤—ñ—Å—Ç—é –∞–ø–≥—Ä–µ–π–¥—É.
–ù–∞–∫–æ–ø–∏—á—É–≤–∞—á	SSD ‚Äî –º—ñ–Ω—ñ–º—É–º 256 –ì–ë, –∫—Ä–∞—â–µ 512 –ì–ë. –¶–µ –∑–Ω–∞—á–Ω–æ –ø—Ä–∏—Å–∫–æ—Ä—é—î —Ä–æ–±–æ—Ç—É vs HDD.
–ï–∫—Ä–∞–Ω	–ú–∞—Ç—Ä–∏—Ü—è IPS –∞–±–æ –ø–æ–¥—ñ–±–Ω–∞; Full HD (1920√ó1080) –±—É–¥–µ –¥—É–∂–µ –ø–ª—é—Å–æ–º; –¥—ñ–∞–≥–æ–Ω–∞–ª—å 14‚Äë15,6‚Ä≥ ‚Äî —Ö–æ—Ä–æ—à–∏–π –±–∞–ª–∞–Ω—Å –ø–æ—Ä—Ç–∞—Ç–∏–≤–Ω–æ—Å—Ç—ñ —Ç–∞ –∫–æ–º—Ñ–æ—Ä—Ç—É.
–í–∞–≥–∞ / –ø–æ—Ä—Ç–∞—Ç–∏–≤–Ω—ñ—Å—Ç—å	–Ø–∫—â–æ —á–∞—Å—Ç–æ –Ω–æ—Å–∏—Ç–∏ –∑ —Å–æ–±–æ—é ‚Äî –∑–≤–µ—Ä–Ω–∏ —É–≤–∞–≥—É, —â–æ–± –≤–∞–≥–∞ –±—É–ª–∞ –¥–æ ~1,7‚Äë2 –∫–≥.
–ê–∫—É–º—É–ª—è—Ç–æ—Ä —Ç–∞ –∑–±—ñ—Ä–∫–∞	–ù–∞–¥—ñ–π–Ω–∞ –∑–±—ñ—Ä–∫–∞, —è–∫—ñ—Å–Ω–∏–π –±—Ä–∞–Ω–¥ + –≥–∞—Ä–∞–Ω—Ç—ñ—è. –ê–∫—É–º—É–ª—è—Ç–æ—Ä ‚Äî —á–∏–º –∫—Ä–∞—â–∏–π, —Ç–∏–º –±—ñ–ª—å—à–µ –ø—Ä–∞–∫—Ç–∏—á–Ω–æ—Å—Ç—ñ.
üîç –ü—Ä–∏–∫–ª–∞–¥–∏ –º–æ–¥–µ–ª–µ–π –¥–æ ~15‚ÄØ000 –≥—Ä–Ω

–û—Å—å –∫—ñ–ª—å–∫–∞ –∞–∫—Ç—É–∞–ª—å–Ω–∏—Ö –≤–∞—Ä—ñ–∞–Ω—Ç—ñ–≤, —è–∫—ñ –º–æ–∂–Ω–∞ –∑–Ω–∞–π—Ç–∏ –≤ –£–∫—Ä–∞—ó–Ω—ñ –≤ —Ü—å–æ–º—É —Ü—ñ–Ω–æ–≤–æ–º—É —Å–µ–≥–º–µ–Ω—Ç—ñ:

CHUWI HeroBook Pro (8/256)
UAH¬†8,880.00
‚Ä¢
ROZETKA
Thomson Neo N15 Silver 15.6‚Ä≥
UAH¬†10,999.00
‚Ä¢
CAN.UA + others
Samsung Galaxy Book Go NP340XLA
UAH¬†14,119.00
‚Ä¢
ROZETKA
SiComputer Nauta E1503 Pro 16/500
UAH¬†14,949.00
‚Ä¢
PCshop.UA
HP 15a‚Äënb0013dx
UAH¬†10,777.00
‚Ä¢
–î–ö–¢

–û—Å—å –¥–µ—è–∫—ñ –∑ –Ω–∏—Ö —ñ–∑ –∫–æ—Ä–æ—Ç–∫–∏–º –∞–Ω–∞–ª—ñ–∑–æ–º:

CHUWI HeroBook Pro (8/256): 8 –ì–ë RAM, SSD 256 –ì–ë ‚Äî –¥—É–∂–µ –¥–æ–±—Ä–∏–π –≤–∞—Ä—ñ–∞–Ω—Ç –¥–ª—è –Ω–∞–≤—á–∞–Ω–Ω—è, —ñ–Ω—Ç–µ—Ä–Ω–µ—Ç—É, –±–∞–∑–æ–≤–æ—ó —Ä–æ–±–æ—Ç–∏. –¶—ñ–Ω–∞ ‚âà 8‚ÄØ800 –≥—Ä–Ω ‚Äî –æ–¥–Ω–∞ –∑ –Ω–∞–π–¥–æ—Å—Ç—É–ø–Ω—ñ—à–∏—Ö.

Thomson Neo N15 Silver 15.6‚Ä≥: 15.6‚Äë–¥—é–π–º–æ–≤–∏–π –µ–∫—Ä–∞–Ω, SSD 256 –ì–ë, —Ü—ñ–Ω–∞ ‚âà‚ÄØ10‚ÄØ999 –≥—Ä–Ω. –ì–∞—Ä–Ω–∏–π –¥–ª—è –¥–æ–º—É / —Ä–æ–±–æ—Ç–∏ / –Ω–∞–≤—á–∞–Ω–Ω—è.

Samsung Galaxy Book Go NP340XLA: –±—ñ–ª—å—à –±—Ä–µ–Ω–¥–æ–≤–∏–π –≤–∞—Ä—ñ–∞–Ω—Ç, —Ç—Ä–æ—Ö–∏ –±–ª–∏–∂—á–µ –¥–æ –≤–µ—Ä—Ö–Ω—å–æ—ó –º–µ–∂—ñ –±—é–¥–∂–µ—Ç—É (‚âà 14‚ÄØ119 –≥—Ä–Ω). –Ø–∫—â–æ —Ö–æ—á–µ—à —â–æ—Å—å —è–∫—ñ—Å–Ω—ñ—à–µ ‚Äî —Ü–µ –¥–æ–±—Ä–∏–π –≤–∞—Ä—ñ–∞–Ω—Ç.

SiComputer Nauta E1503 Pro 16/500: 16 –ì–ë RAM + 500 –ì–ë SSD ‚Äî —Ü–µ –≤–∂–µ –¥—É–∂–µ –¥–æ–±—Ä–µ, –æ—Å–æ–±–ª–∏–≤–æ –¥–ª—è –±–∞–≥–∞—Ç—å–æ—Ö –æ–¥–Ω–æ—á–∞—Å–Ω–æ –≤—ñ–¥–∫—Ä–∏—Ç–∏—Ö –ø—Ä–æ–≥—Ä–∞–º / –≤–∫–ª–∞–¥–æ–∫. –Ø–∫—â–æ —Ü—ñ–Ω–∞ ‚Äë–æ—Ñ—ñ—Ü—ñ–π–Ω–æ —Ç–∞–∫–∞ ‚Äî –±—É–¥–µ —á—É–¥–æ–≤–∏–π –∑–∞–ø–∞—Å –Ω–∞ –º–∞–π–±—É—Ç–Ω—î.

HP 15a‚Äënb0013dx: –ø—Ä–æ—Å—Ç–∏–π –æ—Ñ—ñ—Å–Ω–∏–π / –Ω–∞–≤—á–∞–ª—å–Ω–∏–π –Ω–æ—É—Ç–±—É–∫, –∑ –±–∞–∑–æ–≤–∏–º–∏ —Ö–∞—Ä–∞–∫—Ç–µ—Ä–∏—Å—Ç–∏–∫–∞–º–∏, –∞–ª–µ –∑ –±—Ä–µ–Ω–¥–æ–º ‚Äî —ñ–Ω–∫–æ–ª–∏ –≤–∞–∂–ª–∏–≤–æ.

üõí –©–æ –∑ –º–∞–≥–∞–∑–∏–Ω—ñ–≤ —ñ —Å–∫—ñ–ª—å–∫–∏ –∫–æ—à—Ç—É—é—Ç—å –ø–æ–¥—ñ–±–Ω—ñ –º–æ–¥–µ–ª—ñ

–û—Å—å –ø—Ä–∏–∫–ª–∞–¥–∏ –∑ –ª–æ–∫–∞–ª—å–Ω–∏—Ö –º–∞–≥–∞–∑–∏–Ω—ñ–≤:

Lenovo IdeaPad Slim 3 15IAN8 ‚Äî —Ü—ñ–Ω–∞ ‚âà‚ÄØ13‚ÄØ999 ‚Ç¥. 
Citrus
+2
Foxtrot
+2

Thomson Neo N14 ‚Äî ‚âà‚ÄØ10‚ÄØ999 ‚Ç¥. 
Citrus
+2
Citrus
+2

Pixus Bit Lite Grey ‚Äî ‚âà‚ÄØ9‚ÄØ799 ‚Ç¥. 
Foxtrot

Acer Aspire 3 (—Ä—ñ–∑–Ω—ñ –º–æ–¥–µ–ª—ñ) ‚Äî —Ç–∞–∫–æ–∂ —á–∞—Å—Ç–æ –≤ –º–µ–∂–∞—Ö 11‚Äë15‚ÄØ000 ‚Ç¥ –∑–∞–ª–µ–∂–Ω–æ –≤—ñ–¥ –∫–æ–º–ø–ª–µ–∫—Ç—É. 
Citrus
+2
Citrus
+2

–Ø–∫—â–æ —Å–∫–∞–∂–µ—à, –¥–ª—è —á–æ–≥–æ —Ç–æ–±—ñ —Ü–µ–π –Ω–æ—É—Ç (—Ç—ñ–ª—å–∫–∏ –≤–µ–±/–Ω–∞–≤—á–∞–Ω–Ω—è, –∞–±–æ —Ç–∞–∫–æ–∂ —ñ–≥—Ä–∏, —á–∏ –≤—ñ–¥–µ–æ, —á–∏ –º–æ–Ω—Ç–∞–∂), –∞ —Ç–∞–∫–æ–∂ —è–∫–∞ –≤–∞–≥–∞ —á–∏ —Ä–æ–∑–º—ñ—Ä –µ–∫—Ä–∞–Ω–∞ –¥–ª—è —Ç–µ–±–µ –∫—Ä–∏—Ç–∏—á–Ω—ñ, —è –ø—ñ–¥–±–µ—Ä—É 2‚Äë3 –∫–æ–Ω–∫—Ä–µ—Ç–Ω—ñ –º–æ–¥–µ–ª—ñ, —è–∫—ñ –º–∞–∫—Å–∏–º–∞–ª—å–Ω–æ –ø—ñ–¥—ñ–π–¥—É—Ç—å –ø–æ –≤—Å—ñ—Ö –ø–∞—Ä–∞–º–µ—Ç—Ä–∞—Ö. –•–æ—á–µ—à —Ç–∞–∫ –∑—Ä–æ–±–∏—Ç–∏?",2025-10-13T14:35:44.628622
